Source,Title,Price,Rating,Link
Amazon,SHIVARA,999.0,,https://www.amazon.in/sspa/click?ie=UTF8&spc=MToxNTA5MzkwOTE2MDI1OTk4OjE3NzUyNDY5OTM6c3BfYXRmOjMwMTAxODA0OTg3ODIzMjo6MDo6&url=%2FSHIVARA-Traditional-Stripes-Festival-Classic%2Fdp%2FB0GQGPCXRC%2Fref%3Dsr_1_1_sspa%3Fdib%3DeyJ2IjoiMSJ9.rr7hTHLaj33FGHTWkBtQ5Oa_eByJTgxIFcG1IllKWU33oLlvkyyJYNmaeDBs9VAcI9qNu0MCQma5GUmoX5oSNZZMXnXZTAHpZJkkANpy7FP6OF5TyTqs9yFbSnaYIrh4NhYtQX2iUXG9SlFlk60DDwiAhmppuIosbES_FiMEZxqio2RYLp0b7QwAzXwrnyXII-hSssvY42iMfgJSziLpWo0ICW7w6vd7LyWaJVwYKypgXEms3i7X17P4vt_d_sfNM3h1YlplB9KpFvFG7GLbgfUrYMH8MDGetqCbEWI_qAA.kodWuZHmNgDMiTFLQ2izzTGVp_IVSrhL0rxvl3bYwJ4%26dib_tag%3Dse%26keywords%3DSaree%26qid%3D1775246993%26sr%3D8-1-spons%26aref%3D75I1BL5xjI%26sp_csd%3Dd2lkZ2V0TmFtZT1zcF9hdGY%26psc%3D1&aref=75I1BL5xjI&sp_cr=ZAZ
Amazon,SHIVARA,999.0,,https://www.amazon.in/sspa/click?ie=UTF8&spc=MToxNTA5MzkwOTE2MDI1OTk4OjE3NzUyNDY5OTM6c3BfYXRmOjMwMTAxODA0OTg3ODQzMjo6MDo6&url=%2FSHIVARA-Traditional-Stripes-Festival-Classic%2Fdp%2FB0GQJ79RXG%2Fref%3Dsr_1_2_sspa%3Fdib%3DeyJ2IjoiMSJ9.rr7hTHLaj33FGHTWkBtQ5Oa_eByJTgxIFcG1IllKWU33oLlvkyyJYNmaeDBs9VAcI9qNu0MCQma5GUmoX5oSNZZMXnXZTAHpZJkkANpy7FP6OF5TyTqs9yFbSnaYIrh4NhYtQX2iUXG9SlFlk60DDwiAhmppuIosbES_FiMEZxqio2RYLp0b7QwAzXwrnyXII-hSssvY42iMfgJSziLpWo0ICW7w6vd7LyWaJVwYKypgXEms3i7X17P4vt_d_sfNM3h1YlplB9KpFvFG7GLbgfUrYMH8MDGetqCbEWI_qAA.kodWuZHmNgDMiTFLQ2izzTGVp_IVSrhL0rxvl3bYwJ4%26dib_tag%3Dse%26keywords%3DSaree%26qid%3D1775246993%26sr%3D8-2-spons%26aref%3DC6JcXAyCvf%26sp_csd%3Dd2lkZ2V0TmFtZT1zcF9hdGY%26psc%3D1&aref=C6JcXAyCvf&sp_cr=ZAZ
Amazon,SHIVARA,999.0,,https://www.amazon.in/sspa/click?ie=UTF8&spc=MToxNTA5MzkwOTE2MDI1OTk4OjE3NzUyNDY5OTM6c3BfYXRmOjMwMTAxODA0OTg3ODMzMjo6MDo6&url=%2FSHIVARA-Traditional-Stripes-Festival-Classic%2Fdp%2FB0GQCP5TSD%2Fref%3Dsr_1_3_sspa%3Fdib%3DeyJ2IjoiMSJ9.rr7hTHLaj33FGHTWkBtQ5Oa_eByJTgxIFcG1IllKWU33oLlvkyyJYNmaeDBs9VAcI9qNu0MCQma5GUmoX5oSNZZMXnXZTAHpZJkkANpy7FP6OF5TyTqs9yFbSnaYIrh4NhYtQX2iUXG9SlFlk60DDwiAhmppuIosbES_FiMEZxqio2RYLp0b7QwAzXwrnyXII-hSssvY42iMfgJSziLpWo0ICW7w6vd7LyWaJVwYKypgXEms3i7X17P4vt_d_sfNM3h1YlplB9KpFvFG7GLbgfUrYMH8MDGetqCbEWI_qAA.kodWuZHmNgDMiTFLQ2izzTGVp_IVSrhL0rxvl3bYwJ4%26dib_tag%3Dse%26keywords%3DSaree%26qid%3D1775246993%26sr%3D8-3-spons%26aref%3DPzJQriK2HQ%26sp_csd%3Dd2lkZ2V0TmFtZT1zcF9hdGY%26psc%3D1&aref=PzJQriK2HQ&sp_cr=ZAZ
Amazon,SHIVARA,999.0,,https://www.amazon.in/sspa/click?ie=UTF8&spc=MToxNTA5MzkwOTE2MDI1OTk4OjE3NzUyNDY5OTM6c3BfYXRmOjMwMTAxODA0OTg3ODgzMjo6MDo6&url=%2FSHIVARA-Traditional-Stripes-Festival-Classic%2Fdp%2FB0GPC4Y23C%2Fref%3Dsr_1_4_sspa%3Fdib%3DeyJ2IjoiMSJ9.rr7hTHLaj33FGHTWkBtQ5Oa_eByJTgxIFcG1IllKWU33oLlvkyyJYNmaeDBs9VAcI9qNu0MCQma5GUmoX5oSNZZMXnXZTAHpZJkkANpy7FP6OF5TyTqs9yFbSnaYIrh4NhYtQX2iUXG9SlFlk60DDwiAhmppuIosbES_FiMEZxqio2RYLp0b7QwAzXwrnyXII-hSssvY42iMfgJSziLpWo0ICW7w6vd7LyWaJVwYKypgXEms3i7X17P4vt_d_sfNM3h1YlplB9KpFvFG7GLbgfUrYMH8MDGetqCbEWI_qAA.kodWuZHmNgDMiTFLQ2izzTGVp_IVSrhL0rxvl3bYwJ4%26dib_tag%3Dse%26keywords%3DSaree%26qid%3D1775246993%26sr%3D8-4-spons%26aref%3DsnKq8mjwFC%26sp_csd%3Dd2lkZ2V0TmFtZT1zcF9hdGY%26psc%3D1&aref=snKq8mjwFC&sp_cr=ZAZ
Amazon,Rabbaitul Bait,979.0,,https://www.amazon.in/Rabbaitul-Bait-Banarasi-Kanjivaram-Kanchipuram/dp/B0GRDBYLFJ/ref=sr_1_5?dib=eyJ2IjoiMSJ9.rr7hTHLaj33FGHTWkBtQ5Oa_eByJTgxIFcG1IllKWU33oLlvkyyJYNmaeDBs9VAcI9qNu0MCQma5GUmoX5oSNZZMXnXZTAHpZJkkANpy7FP6OF5TyTqs9yFbSnaYIrh4NhYtQX2iUXG9SlFlk60DDwiAhmppuIosbES_FiMEZxqio2RYLp0b7QwAzXwrnyXII-hSssvY42iMfgJSziLpWo0ICW7w6vd7LyWaJVwYKypgXEms3i7X17P4vt_d_sfNM3h1YlplB9KpFvFG7GLbgfUrYMH8MDGetqCbEWI_qAA.kodWuZHmNgDMiTFLQ2izzTGVp_IVSrhL0rxvl3bYwJ4&dib_tag=se&keywords=Saree&qid=1775246993&sr=8-5
Amazon,Yashika,448.0,4.0,https://www.amazon.in/Yashika-Womens-Banarasi-Kanjivaram-Material/dp/B0CDQDCWSD/ref=sr_1_6?dib=eyJ2IjoiMSJ9.rr7hTHLaj33FGHTWkBtQ5Oa_eByJTgxIFcG1IllKWU33oLlvkyyJYNmaeDBs9VAcI9qNu0MCQma5GUmoX5oSNZZMXnXZTAHpZJkkANpy7FP6OF5TyTqs9yFbSnaYIrh4NhYtQX2iUXG9SlFlk60DDwiAhmppuIosbES_FiMEZxqio2RYLp0b7QwAzXwrnyXII-hSssvY42iMfgJSziLpWo0ICW7w6vd7LyWaJVwYKypgXEms3i7X17P4vt_d_sfNM3h1YlplB9KpFvFG7GLbgfUrYMH8MDGetqCbEWI_qAA.kodWuZHmNgDMiTFLQ2izzTGVp_IVSrhL0rxvl3bYwJ4&dib_tag=se&keywords=Saree&qid=1775246993&sr=8-6
Amazon,Yashika,565.0,4.2,https://www.amazon.in/Yashika-Kanjivaram-Banarasi-Wedding-Sari_AZ-YS-OG1-SHAKSHI/dp/B0FTZBH116/ref=sr_1_7?dib=eyJ2IjoiMSJ9.rr7hTHLaj33FGHTWkBtQ5Oa_eByJTgxIFcG1IllKWU33oLlvkyyJYNmaeDBs9VAcI9qNu0MCQma5GUmoX5oSNZZMXnXZTAHpZJkkANpy7FP6OF5TyTqs9yFbSnaYIrh4NhYtQX2iUXG9SlFlk60DDwiAhmppuIosbES_FiMEZxqio2RYLp0b7QwAzXwrnyXII-hSssvY42iMfgJSziLpWo0ICW7w6vd7LyWaJVwYKypgXEms3i7X17P4vt_d_sfNM3h1YlplB9KpFvFG7GLbgfUrYMH8MDGetqCbEWI_qAA.kodWuZHmNgDMiTFLQ2izzTGVp_IVSrhL0rxvl3bYwJ4&dib_tag=se&keywords=Saree&qid=1775246993&sr=8-7
Amazon,Yashika,398.0,3.8,https://www.amazon.in/Yashika-Womens-Georgette-Material-AZ-YS-P1-AACHAL-KORAM-Parent_Red/dp/B0DH2PRW5Z/ref=sr_1_8?dib=eyJ2IjoiMSJ9.rr7hTHLaj33FGHTWkBtQ5Oa_eByJTgxIFcG1IllKWU33oLlvkyyJYNmaeDBs9VAcI9qNu0MCQma5GUmoX5oSNZZMXnXZTAHpZJkkANpy7FP6OF5TyTqs9yFbSnaYIrh4NhYtQX2iUXG9SlFlk60DDwiAhmppuIosbES_FiMEZxqio2RYLp0b7QwAzXwrnyXII-hSssvY42iMfgJSziLpWo0ICW7w6vd7LyWaJVwYKypgXEms3i7X17P4vt_d_sfNM3h1YlplB9KpFvFG7GLbgfUrYMH8MDGetqCbEWI_qAA.kodWuZHmNgDMiTFLQ2izzTGVp_IVSrhL0rxvl3bYwJ4&dib_tag=se&keywords=Saree&qid=1775246993&sr=8-8
Amazon,Satrani,1079.0,3.7,https://www.amazon.in/Satrani-Embroidery-Scollped-Unstitched-4218S6634NA_Beige/dp/B0FG33DDNP/ref=sr_1_9?dib=eyJ2IjoiMSJ9.rr7hTHLaj33FGHTWkBtQ5Oa_eByJTgxIFcG1IllKWU33oLlvkyyJYNmaeDBs9VAcI9qNu0MCQma5GUmoX5oSNZZMXnXZTAHpZJkkANpy7FP6OF5TyTqs9yFbSnaYIrh4NhYtQX2iUXG9SlFlk60DDwiAhmppuIosbES_FiMEZxqio2RYLp0b7QwAzXwrnyXII-hSssvY42iMfgJSziLpWo0ICW7w6vd7LyWaJVwYKypgXEms3i7X17P4vt_d_sfNM3h1YlplB9KpFvFG7GLbgfUrYMH8MDGetqCbEWI_qAA.kodWuZHmNgDMiTFLQ2izzTGVp_IVSrhL0rxvl3bYwJ4&dib_tag=se&keywords=Saree&qid=1775246993&sr=8-9
Amazon,Yashika,486.0,4.0,https://www.amazon.in/Yashika-Banarasi-Kanjivaram-Jaquard-AZ-YS-OG-Bilal-Parent_Blue/dp/B0D7ZVTDQQ/ref=sr_1_10?dib=eyJ2IjoiMSJ9.rr7hTHLaj33FGHTWkBtQ5Oa_eByJTgxIFcG1IllKWU33oLlvkyyJYNmaeDBs9VAcI9qNu0MCQma5GUmoX5oSNZZMXnXZTAHpZJkkANpy7FP6OF5TyTqs9yFbSnaYIrh4NhYtQX2iUXG9SlFlk60DDwiAhmppuIosbES_FiMEZxqio2RYLp0b7QwAzXwrnyXII-hSssvY42iMfgJSziLpWo0ICW7w6vd7LyWaJVwYKypgXEms3i7X17P4vt_d_sfNM3h1YlplB9KpFvFG7GLbgfUrYMH8MDGetqCbEWI_qAA.kodWuZHmNgDMiTFLQ2izzTGVp_IVSrhL0rxvl3bYwJ4&dib_tag=se&keywords=Saree&qid=1775246993&sr=8-10
Amazon,HESVI,635.0,3.9,https://www.amazon.in/HESVI-Womens-Georgette-Embroidery-Border/dp/B0CQYJKZD5/ref=sr_1_11?dib=eyJ2IjoiMSJ9.rr7hTHLaj33FGHTWkBtQ5Oa_eByJTgxIFcG1IllKWU33oLlvkyyJYNmaeDBs9VAcI9qNu0MCQma5GUmoX5oSNZZMXnXZTAHpZJkkANpy7FP6OF5TyTqs9yFbSnaYIrh4NhYtQX2iUXG9SlFlk60DDwiAhmppuIosbES_FiMEZxqio2RYLp0b7QwAzXwrnyXII-hSssvY42iMfgJSziLpWo0ICW7w6vd7LyWaJVwYKypgXEms3i7X17P4vt_d_sfNM3h1YlplB9KpFvFG7GLbgfUrYMH8MDGetqCbEWI_qAA.kodWuZHmNgDMiTFLQ2izzTGVp_IVSrhL0rxvl3bYwJ4&dib_tag=se&keywords=Saree&qid=1775246993&sr=8-11
Amazon,NYKD,949.0,4.0,https://www.amazon.in/NYKD-Everyday-Saree-Petticoat-Women/dp/B0BK26K2KQ/ref=sr_1_12?dib=eyJ2IjoiMSJ9.rr7hTHLaj33FGHTWkBtQ5Oa_eByJTgxIFcG1IllKWU33oLlvkyyJYNmaeDBs9VAcI9qNu0MCQma5GUmoX5oSNZZMXnXZTAHpZJkkANpy7FP6OF5TyTqs9yFbSnaYIrh4NhYtQX2iUXG9SlFlk60DDwiAhmppuIosbES_FiMEZxqio2RYLp0b7QwAzXwrnyXII-hSssvY42iMfgJSziLpWo0ICW7w6vd7LyWaJVwYKypgXEms3i7X17P4vt_d_sfNM3h1YlplB9KpFvFG7GLbgfUrYMH8MDGetqCbEWI_qAA.kodWuZHmNgDMiTFLQ2izzTGVp_IVSrhL0rxvl3bYwJ4&dib_tag=se&keywords=Saree&qid=1775246993&sr=8-12
Amazon,JS Clothing Mart,437.0,3.6,https://www.amazon.in/JS-Clothing-Mart-Dailywear-Embellishments/dp/B0FM8D3RPQ/ref=sr_1_13?dib=eyJ2IjoiMSJ9.rr7hTHLaj33FGHTWkBtQ5Oa_eByJTgxIFcG1IllKWU33oLlvkyyJYNmaeDBs9VAcI9qNu0MCQma5GUmoX5oSNZZMXnXZTAHpZJkkANpy7FP6OF5TyTqs9yFbSnaYIrh4NhYtQX2iUXG9SlFlk60DDwiAhmppuIosbES_FiMEZxqio2RYLp0b7QwAzXwrnyXII-hSssvY42iMfgJSziLpWo0ICW7w6vd7LyWaJVwYKypgXEms3i7X17P4vt_d_sfNM3h1YlplB9KpFvFG7GLbgfUrYMH8MDGetqCbEWI_qAA.kodWuZHmNgDMiTFLQ2izzTGVp_IVSrhL0rxvl3bYwJ4&dib_tag=se&keywords=Saree&qid=1775246993&sr=8-13
Amazon,Yashika,499.0,3.7,https://www.amazon.in/Yashika-Malgudi-Printed-Blouse-Latest/dp/B0FQNSPS3X/ref=sr_1_14?dib=eyJ2IjoiMSJ9.rr7hTHLaj33FGHTWkBtQ5Oa_eByJTgxIFcG1IllKWU33oLlvkyyJYNmaeDBs9VAcI9qNu0MCQma5GUmoX5oSNZZMXnXZTAHpZJkkANpy7FP6OF5TyTqs9yFbSnaYIrh4NhYtQX2iUXG9SlFlk60DDwiAhmppuIosbES_FiMEZxqio2RYLp0b7QwAzXwrnyXII-hSssvY42iMfgJSziLpWo0ICW7w6vd7LyWaJVwYKypgXEms3i7X17P4vt_d_sfNM3h1YlplB9KpFvFG7GLbgfUrYMH8MDGetqCbEWI_qAA.kodWuZHmNgDMiTFLQ2izzTGVp_IVSrhL0rxvl3bYwJ4&dib_tag=se&keywords=Saree&qid=1775246993&sr=8-14
Amazon,Generic,469.0,4.3,https://www.amazon.in/RADHIKA-SAREES-Handwork-Lemonish-Embroidery/dp/B0GK6HGVPP/ref=sr_1_15?dib=eyJ2IjoiMSJ9.rr7hTHLaj33FGHTWkBtQ5Oa_eByJTgxIFcG1IllKWU33oLlvkyyJYNmaeDBs9VAcI9qNu0MCQma5GUmoX5oSNZZMXnXZTAHpZJkkANpy7FP6OF5TyTqs9yFbSnaYIrh4NhYtQX2iUXG9SlFlk60DDwiAhmppuIosbES_FiMEZxqio2RYLp0b7QwAzXwrnyXII-hSssvY42iMfgJSziLpWo0ICW7w6vd7LyWaJVwYKypgXEms3i7X17P4vt_d_sfNM3h1YlplB9KpFvFG7GLbgfUrYMH8MDGetqCbEWI_qAA.kodWuZHmNgDMiTFLQ2izzTGVp_IVSrhL0rxvl3bYwJ4&dib_tag=se&keywords=Saree&qid=1775246993&sr=8-15
Amazon,VJ Fashion,359.0,3.9,https://www.amazon.in/VJ-Fashion-Kerala-Blouse-Piece_freesize/dp/B0D3BFD1NN/ref=sr_1_16?dib=eyJ2IjoiMSJ9.rr7hTHLaj33FGHTWkBtQ5Oa_eByJTgxIFcG1IllKWU33oLlvkyyJYNmaeDBs9VAcI9qNu0MCQma5GUmoX5oSNZZMXnXZTAHpZJkkANpy7FP6OF5TyTqs9yFbSnaYIrh4NhYtQX2iUXG9SlFlk60DDwiAhmppuIosbES_FiMEZxqio2RYLp0b7QwAzXwrnyXII-hSssvY42iMfgJSziLpWo0ICW7w6vd7LyWaJVwYKypgXEms3i7X17P4vt_d_sfNM3h1YlplB9KpFvFG7GLbgfUrYMH8MDGetqCbEWI_qAA.kodWuZHmNgDMiTFLQ2izzTGVp_IVSrhL0rxvl3bYwJ4&dib_tag=se&keywords=Saree&qid=1775246993&sr=8-16
Amazon,StyleScope,569.0,3.5,https://www.amazon.in/Stylescope-Womens-Georgette-Unstitched-Maroon_Maroon_Free/dp/B0D8YWBL87/ref=sr_1_17?dib=eyJ2IjoiMSJ9.rr7hTHLaj33FGHTWkBtQ5Oa_eByJTgxIFcG1IllKWU33oLlvkyyJYNmaeDBs9VAcI9qNu0MCQma5GUmoX5oSNZZMXnXZTAHpZJkkANpy7FP6OF5TyTqs9yFbSnaYIrh4NhYtQX2iUXG9SlFlk60DDwiAhmppuIosbES_FiMEZxqio2RYLp0b7QwAzXwrnyXII-hSssvY42iMfgJSziLpWo0ICW7w6vd7LyWaJVwYKypgXEms3i7X17P4vt_d_sfNM3h1YlplB9KpFvFG7GLbgfUrYMH8MDGetqCbEWI_qAA.kodWuZHmNgDMiTFLQ2izzTGVp_IVSrhL0rxvl3bYwJ4&dib_tag=se&keywords=Saree&qid=1775246993&sr=8-17
Amazon,SGF11,499.0,3.8,https://www.amazon.in/SGF11-Womens-Kanjivaram-Blouse-Coffee/dp/B0CZTFLJ41/ref=sr_1_18?dib=eyJ2IjoiMSJ9.rr7hTHLaj33FGHTWkBtQ5Oa_eByJTgxIFcG1IllKWU33oLlvkyyJYNmaeDBs9VAcI9qNu0MCQma5GUmoX5oSNZZMXnXZTAHpZJkkANpy7FP6OF5TyTqs9yFbSnaYIrh4NhYtQX2iUXG9SlFlk60DDwiAhmppuIosbES_FiMEZxqio2RYLp0b7QwAzXwrnyXII-hSssvY42iMfgJSziLpWo0ICW7w6vd7LyWaJVwYKypgXEms3i7X17P4vt_d_sfNM3h1YlplB9KpFvFG7GLbgfUrYMH8MDGetqCbEWI_qAA.kodWuZHmNgDMiTFLQ2izzTGVp_IVSrhL0rxvl3bYwJ4&dib_tag=se&keywords=Saree&qid=1775246993&sr=8-18
Amazon,Yashika,399.0,3.8,https://www.amazon.in/Yashika-Banarasi-Jacquard-MUDRA-PURPLE/dp/B0C58FBDWG/ref=sr_1_19?dib=eyJ2IjoiMSJ9.rr7hTHLaj33FGHTWkBtQ5Oa_eByJTgxIFcG1IllKWU33oLlvkyyJYNmaeDBs9VAcI9qNu0MCQma5GUmoX5oSNZZMXnXZTAHpZJkkANpy7FP6OF5TyTqs9yFbSnaYIrh4NhYtQX2iUXG9SlFlk60DDwiAhmppuIosbES_FiMEZxqio2RYLp0b7QwAzXwrnyXII-hSssvY42iMfgJSziLpWo0ICW7w6vd7LyWaJVwYKypgXEms3i7X17P4vt_d_sfNM3h1YlplB9KpFvFG7GLbgfUrYMH8MDGetqCbEWI_qAA.kodWuZHmNgDMiTFLQ2izzTGVp_IVSrhL0rxvl3bYwJ4&dib_tag=se&keywords=Saree&qid=1775246993&sr=8-19
Amazon,Yashika,499.0,4.0,https://www.amazon.in/Yashika-Kanjivaram-Banarasi-Wedding-Sari_AZ-YS-OG1-SHAYANI/dp/B0FTZ84S1D/ref=sr_1_20?dib=eyJ2IjoiMSJ9.rr7hTHLaj33FGHTWkBtQ5Oa_eByJTgxIFcG1IllKWU33oLlvkyyJYNmaeDBs9VAcI9qNu0MCQma5GUmoX5oSNZZMXnXZTAHpZJkkANpy7FP6OF5TyTqs9yFbSnaYIrh4NhYtQX2iUXG9SlFlk60DDwiAhmppuIosbES_FiMEZxqio2RYLp0b7QwAzXwrnyXII-hSssvY42iMfgJSziLpWo0ICW7w6vd7LyWaJVwYKypgXEms3i7X17P4vt_d_sfNM3h1YlplB9KpFvFG7GLbgfUrYMH8MDGetqCbEWI_qAA.kodWuZHmNgDMiTFLQ2izzTGVp_IVSrhL0rxvl3bYwJ4&dib_tag=se&keywords=Saree&qid=1775246993&sr=8-20
Amazon,SIRIL,779.0,3.7,https://www.amazon.in/sspa/click?ie=UTF8&spc=MToxNTA5MzkwOTE2MDI1OTk4OjE3NzUyNDY5OTM6c3BfbXRmOjMwMDgyNzc0NjU2NjAzMjo6MDo6&url=%2FSIRIL-Printed-Striped-Unstitched-18RS160_Peach%2Fdp%2FB0D8THW2LH%2Fref%3Dsr_1_21_sspa%3Fdib%3DeyJ2IjoiMSJ9.rr7hTHLaj33FGHTWkBtQ5Oa_eByJTgxIFcG1IllKWU33oLlvkyyJYNmaeDBs9VAcI9qNu0MCQma5GUmoX5oSNZZMXnXZTAHpZJkkANpy7FP6OF5TyTqs9yFbSnaYIrh4NhYtQX2iUXG9SlFlk60DDwiAhmppuIosbES_FiMEZxqio2RYLp0b7QwAzXwrnyXII-hSssvY42iMfgJSziLpWo0ICW7w6vd7LyWaJVwYKypgXEms3i7X17P4vt_d_sfNM3h1YlplB9KpFvFG7GLbgfUrYMH8MDGetqCbEWI_qAA.kodWuZHmNgDMiTFLQ2izzTGVp_IVSrhL0rxvl3bYwJ4%26dib_tag%3Dse%26keywords%3DSaree%26qid%3D1775246993%26sr%3D8-21-spons%26aref%3DIRRRJW8eqX%26sp_csd%3Dd2lkZ2V0TmFtZT1zcF9tdGY%26psc%3D1&aref=IRRRJW8eqX&sp_cr=ZAZ
Amazon,SIRIL,948.0,3.6,https://www.amazon.in/sspa/click?ie=UTF8&spc=MToxNTA5MzkwOTE2MDI1OTk4OjE3NzUyNDY5OTM6c3BfbXRmOjMwMDk0NzY0OTQ1NDEzMjo6MDo6&url=%2FSIRIL-Chanderi-Bandhani-Unstitched-92RS286_White%2Fdp%2FB0GK14RKNJ%2Fref%3Dsr_1_22_sspa%3Fdib%3DeyJ2IjoiMSJ9.rr7hTHLaj33FGHTWkBtQ5Oa_eByJTgxIFcG1IllKWU33oLlvkyyJYNmaeDBs9VAcI9qNu0MCQma5GUmoX5oSNZZMXnXZTAHpZJkkANpy7FP6OF5TyTqs9yFbSnaYIrh4NhYtQX2iUXG9SlFlk60DDwiAhmppuIosbES_FiMEZxqio2RYLp0b7QwAzXwrnyXII-hSssvY42iMfgJSziLpWo0ICW7w6vd7LyWaJVwYKypgXEms3i7X17P4vt_d_sfNM3h1YlplB9KpFvFG7GLbgfUrYMH8MDGetqCbEWI_qAA.kodWuZHmNgDMiTFLQ2izzTGVp_IVSrhL0rxvl3bYwJ4%26dib_tag%3Dse%26keywords%3DSaree%26qid%3D1775246993%26sr%3D8-22-spons%26aref%3DRvMmQYBODE%26sp_csd%3Dd2lkZ2V0TmFtZT1zcF9tdGY%26psc%3D1&aref=RvMmQYBODE&sp_cr=ZAZ
Amazon,SIRIL,998.0,,https://www.amazon.in/sspa/click?ie=UTF8&spc=MToxNTA5MzkwOTE2MDI1OTk4OjE3NzUyNDY5OTM6c3BfbXRmOjMwMDk0NzcyMzA1NTEzMjo6MDo6&url=%2FSIRIL-Womens-Printed-Unstitched-93RS309_Navy%2Fdp%2FB0GJZH5FX3%2Fref%3Dsr_1_23_sspa%3Fdib%3DeyJ2IjoiMSJ9.rr7hTHLaj33FGHTWkBtQ5Oa_eByJTgxIFcG1IllKWU33oLlvkyyJYNmaeDBs9VAcI9qNu0MCQma5GUmoX5oSNZZMXnXZTAHpZJkkANpy7FP6OF5TyTqs9yFbSnaYIrh4NhYtQX2iUXG9SlFlk60DDwiAhmppuIosbES_FiMEZxqio2RYLp0b7QwAzXwrnyXII-hSssvY42iMfgJSziLpWo0ICW7w6vd7LyWaJVwYKypgXEms3i7X17P4vt_d_sfNM3h1YlplB9KpFvFG7GLbgfUrYMH8MDGetqCbEWI_qAA.kodWuZHmNgDMiTFLQ2izzTGVp_IVSrhL0rxvl3bYwJ4%26dib_tag%3Dse%26keywords%3DSaree%26qid%3D1775246993%26sr%3D8-23-spons%26aref%3DuMVyxBZ1pB%26sp_csd%3Dd2lkZ2V0TmFtZT1zcF9tdGY%26psc%3D1&aref=uMVyxBZ1pB&sp_cr=ZAZ
Amazon,SIRIL,998.0,,https://www.amazon.in/sspa/click?ie=UTF8&spc=MToxNTA5MzkwOTE2MDI1OTk4OjE3NzUyNDY5OTM6c3BfbXRmOjMwMDk0NzcyMzA1NTgzMjo6MDo6&url=%2FSIRIL-Chanderi-Printed-Unstitched-92RS287_Beige%2Fdp%2FB0GJZCKBNY%2Fref%3Dsr_1_24_sspa%3Fdib%3DeyJ2IjoiMSJ9.rr7hTHLaj33FGHTWkBtQ5Oa_eByJTgxIFcG1IllKWU33oLlvkyyJYNmaeDBs9VAcI9qNu0MCQma5GUmoX5oSNZZMXnXZTAHpZJkkANpy7FP6OF5TyTqs9yFbSnaYIrh4NhYtQX2iUXG9SlFlk60DDwiAhmppuIosbES_FiMEZxqio2RYLp0b7QwAzXwrnyXII-hSssvY42iMfgJSziLpWo0ICW7w6vd7LyWaJVwYKypgXEms3i7X17P4vt_d_sfNM3h1YlplB9KpFvFG7GLbgfUrYMH8MDGetqCbEWI_qAA.kodWuZHmNgDMiTFLQ2izzTGVp_IVSrhL0rxvl3bYwJ4%26dib_tag%3Dse%26keywords%3DSaree%26qid%3D1775246993%26sr%3D8-24-spons%26aref%3DmWqA1DvugE%26sp_csd%3Dd2lkZ2V0TmFtZT1zcF9tdGY%26psc%3D1&aref=mWqA1DvugE&sp_cr=ZAZ
Amazon,Garden Vareli,753.0,3.9,https://www.amazon.in/Garden-Vareli-Women-Chiffon-Floral/dp/B0DYJTGWV2/ref=sr_1_25?dib=eyJ2IjoiMSJ9.rr7hTHLaj33FGHTWkBtQ5Oa_eByJTgxIFcG1IllKWU33oLlvkyyJYNmaeDBs9VAcI9qNu0MCQma5GUmoX5oSNZZMXnXZTAHpZJkkANpy7FP6OF5TyTqs9yFbSnaYIrh4NhYtQX2iUXG9SlFlk60DDwiAhmppuIosbES_FiMEZxqio2RYLp0b7QwAzXwrnyXII-hSssvY42iMfgJSziLpWo0ICW7w6vd7LyWaJVwYKypgXEms3i7X17P4vt_d_sfNM3h1YlplB9KpFvFG7GLbgfUrYMH8MDGetqCbEWI_qAA.kodWuZHmNgDMiTFLQ2izzTGVp_IVSrhL0rxvl3bYwJ4&dib_tag=se&keywords=Saree&qid=1775246993&sr=8-25
Amazon,Yashika,442.0,4.0,https://www.amazon.in/Yashika-Womens-Banarasi-Kanjivaram-Material/dp/B0CDQB919L/ref=sr_1_26?dib=eyJ2IjoiMSJ9.rr7hTHLaj33FGHTWkBtQ5Oa_eByJTgxIFcG1IllKWU33oLlvkyyJYNmaeDBs9VAcI9qNu0MCQma5GUmoX5oSNZZMXnXZTAHpZJkkANpy7FP6OF5TyTqs9yFbSnaYIrh4NhYtQX2iUXG9SlFlk60DDwiAhmppuIosbES_FiMEZxqio2RYLp0b7QwAzXwrnyXII-hSssvY42iMfgJSziLpWo0ICW7w6vd7LyWaJVwYKypgXEms3i7X17P4vt_d_sfNM3h1YlplB9KpFvFG7GLbgfUrYMH8MDGetqCbEWI_qAA.kodWuZHmNgDMiTFLQ2izzTGVp_IVSrhL0rxvl3bYwJ4&dib_tag=se&keywords=Saree&qid=1775246993&sr=8-26
Amazon,MIRCHI FASHION,488.0,4.0,https://www.amazon.in/MIRCHI-FASHION-Womens-Chiffon-39195A-Turquoise/dp/B0CFFKW8N3/ref=sr_1_27?dib=eyJ2IjoiMSJ9.rr7hTHLaj33FGHTWkBtQ5Oa_eByJTgxIFcG1IllKWU33oLlvkyyJYNmaeDBs9VAcI9qNu0MCQma5GUmoX5oSNZZMXnXZTAHpZJkkANpy7FP6OF5TyTqs9yFbSnaYIrh4NhYtQX2iUXG9SlFlk60DDwiAhmppuIosbES_FiMEZxqio2RYLp0b7QwAzXwrnyXII-hSssvY42iMfgJSziLpWo0ICW7w6vd7LyWaJVwYKypgXEms3i7X17P4vt_d_sfNM3h1YlplB9KpFvFG7GLbgfUrYMH8MDGetqCbEWI_qAA.kodWuZHmNgDMiTFLQ2izzTGVp_IVSrhL0rxvl3bYwJ4&dib_tag=se&keywords=Saree&qid=1775246993&sr=8-27
Amazon,Yashika,598.0,4.2,https://www.amazon.in/Yashika-Kanjivaram-collection-AZ-YS-OG-SUKRITA-PEACH/dp/B0F2HLM1Q8/ref=sr_1_28?dib=eyJ2IjoiMSJ9.rr7hTHLaj33FGHTWkBtQ5Oa_eByJTgxIFcG1IllKWU33oLlvkyyJYNmaeDBs9VAcI9qNu0MCQma5GUmoX5oSNZZMXnXZTAHpZJkkANpy7FP6OF5TyTqs9yFbSnaYIrh4NhYtQX2iUXG9SlFlk60DDwiAhmppuIosbES_FiMEZxqio2RYLp0b7QwAzXwrnyXII-hSssvY42iMfgJSziLpWo0ICW7w6vd7LyWaJVwYKypgXEms3i7X17P4vt_d_sfNM3h1YlplB9KpFvFG7GLbgfUrYMH8MDGetqCbEWI_qAA.kodWuZHmNgDMiTFLQ2izzTGVp_IVSrhL0rxvl3bYwJ4&dib_tag=se&keywords=Saree&qid=1775246993&sr=8-28
Amazon,WOMEN ELEGENCE,595.0,3.5,https://www.amazon.in/Womens-Printed-Banarasi-Cotton-Unstitched/dp/B0F63CL575/ref=sr_1_29?dib=eyJ2IjoiMSJ9.rr7hTHLaj33FGHTWkBtQ5Oa_eByJTgxIFcG1IllKWU33oLlvkyyJYNmaeDBs9VAcI9qNu0MCQma5GUmoX5oSNZZMXnXZTAHpZJkkANpy7FP6OF5TyTqs9yFbSnaYIrh4NhYtQX2iUXG9SlFlk60DDwiAhmppuIosbES_FiMEZxqio2RYLp0b7QwAzXwrnyXII-hSssvY42iMfgJSziLpWo0ICW7w6vd7LyWaJVwYKypgXEms3i7X17P4vt_d_sfNM3h1YlplB9KpFvFG7GLbgfUrYMH8MDGetqCbEWI_qAA.kodWuZHmNgDMiTFLQ2izzTGVp_IVSrhL0rxvl3bYwJ4&dib_tag=se&keywords=Saree&qid=1775246993&sr=8-29
Amazon,SIRIL,998.0,4.8,https://www.amazon.in/SIRIL-Vichitra-Embroidery-Unstitched-5015S3582_Khaki/dp/B0GHS6L91K/ref=sr_1_30?dib=eyJ2IjoiMSJ9.rr7hTHLaj33FGHTWkBtQ5Oa_eByJTgxIFcG1IllKWU33oLlvkyyJYNmaeDBs9VAcI9qNu0MCQma5GUmoX5oSNZZMXnXZTAHpZJkkANpy7FP6OF5TyTqs9yFbSnaYIrh4NhYtQX2iUXG9SlFlk60DDwiAhmppuIosbES_FiMEZxqio2RYLp0b7QwAzXwrnyXII-hSssvY42iMfgJSziLpWo0ICW7w6vd7LyWaJVwYKypgXEms3i7X17P4vt_d_sfNM3h1YlplB9KpFvFG7GLbgfUrYMH8MDGetqCbEWI_qAA.kodWuZHmNgDMiTFLQ2izzTGVp_IVSrhL0rxvl3bYwJ4&dib_tag=se&keywords=Saree&qid=1775246993&sr=8-30
Amazon,Generic,999.0,5.0,https://www.amazon.in/Handloom-Cotton-Embroidered-Matching-Included/dp/B0GHN2HP44/ref=sr_1_31?dib=eyJ2IjoiMSJ9.rr7hTHLaj33FGHTWkBtQ5Oa_eByJTgxIFcG1IllKWU33oLlvkyyJYNmaeDBs9VAcI9qNu0MCQma5GUmoX5oSNZZMXnXZTAHpZJkkANpy7FP6OF5TyTqs9yFbSnaYIrh4NhYtQX2iUXG9SlFlk60DDwiAhmppuIosbES_FiMEZxqio2RYLp0b7QwAzXwrnyXII-hSssvY42iMfgJSziLpWo0ICW7w6vd7LyWaJVwYKypgXEms3i7X17P4vt_d_sfNM3h1YlplB9KpFvFG7GLbgfUrYMH8MDGetqCbEWI_qAA.kodWuZHmNgDMiTFLQ2izzTGVp_IVSrhL0rxvl3bYwJ4&dib_tag=se&keywords=Saree&qid=1775246993&sr=8-31
Amazon,NIRLABH,999.0,3.8,https://www.amazon.in/NIRLABH-Embellished-Sequinned-Tissue-METALLIC/dp/B0G4VVRY4V/ref=sr_1_32?dib=eyJ2IjoiMSJ9.rr7hTHLaj33FGHTWkBtQ5Oa_eByJTgxIFcG1IllKWU33oLlvkyyJYNmaeDBs9VAcI9qNu0MCQma5GUmoX5oSNZZMXnXZTAHpZJkkANpy7FP6OF5TyTqs9yFbSnaYIrh4NhYtQX2iUXG9SlFlk60DDwiAhmppuIosbES_FiMEZxqio2RYLp0b7QwAzXwrnyXII-hSssvY42iMfgJSziLpWo0ICW7w6vd7LyWaJVwYKypgXEms3i7X17P4vt_d_sfNM3h1YlplB9KpFvFG7GLbgfUrYMH8MDGetqCbEWI_qAA.kodWuZHmNgDMiTFLQ2izzTGVp_IVSrhL0rxvl3bYwJ4&dib_tag=se&keywords=Saree&qid=1775246993&sr=8-32
Amazon,Yashika,486.0,4.1,https://www.amazon.in/Yashika-Banarasi-Kanjivaram-Unstitched-Wedding/dp/B0FCCD9ZJ9/ref=sr_1_33?dib=eyJ2IjoiMSJ9.rr7hTHLaj33FGHTWkBtQ5Oa_eByJTgxIFcG1IllKWU33oLlvkyyJYNmaeDBs9VAcI9qNu0MCQma5GUmoX5oSNZZMXnXZTAHpZJkkANpy7FP6OF5TyTqs9yFbSnaYIrh4NhYtQX2iUXG9SlFlk60DDwiAhmppuIosbES_FiMEZxqio2RYLp0b7QwAzXwrnyXII-hSssvY42iMfgJSziLpWo0ICW7w6vd7LyWaJVwYKypgXEms3i7X17P4vt_d_sfNM3h1YlplB9KpFvFG7GLbgfUrYMH8MDGetqCbEWI_qAA.kodWuZHmNgDMiTFLQ2izzTGVp_IVSrhL0rxvl3bYwJ4&dib_tag=se&keywords=Saree&qid=1775246993&sr=8-33
Amazon,Yashika,498.0,3.8,https://www.amazon.in/Yashika-Jacquard-Unstitched-Material-AZ-YS-OG1-JYOTIKA/dp/B0DD4B9SR7/ref=sr_1_34?dib=eyJ2IjoiMSJ9.rr7hTHLaj33FGHTWkBtQ5Oa_eByJTgxIFcG1IllKWU33oLlvkyyJYNmaeDBs9VAcI9qNu0MCQma5GUmoX5oSNZZMXnXZTAHpZJkkANpy7FP6OF5TyTqs9yFbSnaYIrh4NhYtQX2iUXG9SlFlk60DDwiAhmppuIosbES_FiMEZxqio2RYLp0b7QwAzXwrnyXII-hSssvY42iMfgJSziLpWo0ICW7w6vd7LyWaJVwYKypgXEms3i7X17P4vt_d_sfNM3h1YlplB9KpFvFG7GLbgfUrYMH8MDGetqCbEWI_qAA.kodWuZHmNgDMiTFLQ2izzTGVp_IVSrhL0rxvl3bYwJ4&dib_tag=se&keywords=Saree&qid=1775246993&sr=8-34
Amazon,Amazon Brand - Tavasya,1799.0,4.1,https://www.amazon.in/Amazon-Brand-Embroidery-Designer-Embroidered/dp/B0G2SVFSGV/ref=sr_1_35?dib=eyJ2IjoiMSJ9.rr7hTHLaj33FGHTWkBtQ5Oa_eByJTgxIFcG1IllKWU33oLlvkyyJYNmaeDBs9VAcI9qNu0MCQma5GUmoX5oSNZZMXnXZTAHpZJkkANpy7FP6OF5TyTqs9yFbSnaYIrh4NhYtQX2iUXG9SlFlk60DDwiAhmppuIosbES_FiMEZxqio2RYLp0b7QwAzXwrnyXII-hSssvY42iMfgJSziLpWo0ICW7w6vd7LyWaJVwYKypgXEms3i7X17P4vt_d_sfNM3h1YlplB9KpFvFG7GLbgfUrYMH8MDGetqCbEWI_qAA.kodWuZHmNgDMiTFLQ2izzTGVp_IVSrhL0rxvl3bYwJ4&dib_tag=se&keywords=Saree&qid=1775246993&sr=8-35
Amazon,C J Enterprise,598.0,4.0,https://www.amazon.in/Enterprise-Kanjivaram-Nath-paithani-Yellow-Green/dp/B0DV4LHSRS/ref=sr_1_36?dib=eyJ2IjoiMSJ9.rr7hTHLaj33FGHTWkBtQ5Oa_eByJTgxIFcG1IllKWU33oLlvkyyJYNmaeDBs9VAcI9qNu0MCQma5GUmoX5oSNZZMXnXZTAHpZJkkANpy7FP6OF5TyTqs9yFbSnaYIrh4NhYtQX2iUXG9SlFlk60DDwiAhmppuIosbES_FiMEZxqio2RYLp0b7QwAzXwrnyXII-hSssvY42iMfgJSziLpWo0ICW7w6vd7LyWaJVwYKypgXEms3i7X17P4vt_d_sfNM3h1YlplB9KpFvFG7GLbgfUrYMH8MDGetqCbEWI_qAA.kodWuZHmNgDMiTFLQ2izzTGVp_IVSrhL0rxvl3bYwJ4&dib_tag=se&keywords=Saree&qid=1775246993&sr=8-36
Amazon,AKHILAM,998.0,3.9,https://www.amazon.in/AKHILAM-Bandhani-Printed-Unstitched-MOHAR104A_HS11/dp/B0D574TCJ5/ref=sr_1_37?dib=eyJ2IjoiMSJ9.rr7hTHLaj33FGHTWkBtQ5Oa_eByJTgxIFcG1IllKWU33oLlvkyyJYNmaeDBs9VAcI9qNu0MCQma5GUmoX5oSNZZMXnXZTAHpZJkkANpy7FP6OF5TyTqs9yFbSnaYIrh4NhYtQX2iUXG9SlFlk60DDwiAhmppuIosbES_FiMEZxqio2RYLp0b7QwAzXwrnyXII-hSssvY42iMfgJSziLpWo0ICW7w6vd7LyWaJVwYKypgXEms3i7X17P4vt_d_sfNM3h1YlplB9KpFvFG7GLbgfUrYMH8MDGetqCbEWI_qAA.kodWuZHmNgDMiTFLQ2izzTGVp_IVSrhL0rxvl3bYwJ4&dib_tag=se&keywords=Saree&qid=1775246993&sr=8-37
Amazon,Yashika,798.0,4.5,https://www.amazon.in/Yashika-Chanderi-Unstitched-Blouse-Saree_AZ-YS-OG1-PATAKHA/dp/B0FQNQ4CK8/ref=sr_1_38?dib=eyJ2IjoiMSJ9.rr7hTHLaj33FGHTWkBtQ5Oa_eByJTgxIFcG1IllKWU33oLlvkyyJYNmaeDBs9VAcI9qNu0MCQma5GUmoX5oSNZZMXnXZTAHpZJkkANpy7FP6OF5TyTqs9yFbSnaYIrh4NhYtQX2iUXG9SlFlk60DDwiAhmppuIosbES_FiMEZxqio2RYLp0b7QwAzXwrnyXII-hSssvY42iMfgJSziLpWo0ICW7w6vd7LyWaJVwYKypgXEms3i7X17P4vt_d_sfNM3h1YlplB9KpFvFG7GLbgfUrYMH8MDGetqCbEWI_qAA.kodWuZHmNgDMiTFLQ2izzTGVp_IVSrhL0rxvl3bYwJ4&dib_tag=se&keywords=Saree&qid=1775246993&sr=8-38
Amazon,Yashika,999.0,4.4,https://www.amazon.in/Yashika-Womens-Georgette-Embroidered-AZ-YS-OG1-ANTYA/dp/B0G7YF2HYC/ref=sr_1_39?dib=eyJ2IjoiMSJ9.rr7hTHLaj33FGHTWkBtQ5Oa_eByJTgxIFcG1IllKWU33oLlvkyyJYNmaeDBs9VAcI9qNu0MCQma5GUmoX5oSNZZMXnXZTAHpZJkkANpy7FP6OF5TyTqs9yFbSnaYIrh4NhYtQX2iUXG9SlFlk60DDwiAhmppuIosbES_FiMEZxqio2RYLp0b7QwAzXwrnyXII-hSssvY42iMfgJSziLpWo0ICW7w6vd7LyWaJVwYKypgXEms3i7X17P4vt_d_sfNM3h1YlplB9KpFvFG7GLbgfUrYMH8MDGetqCbEWI_qAA.kodWuZHmNgDMiTFLQ2izzTGVp_IVSrhL0rxvl3bYwJ4&dib_tag=se&keywords=Saree&qid=1775246993&sr=8-39
Amazon,RATAN,699.0,3.8,https://www.amazon.in/RATAN-Womens-Printed-without-PHMAN-3104_Yellow/dp/B09BR59WY2/ref=sr_1_40?dib=eyJ2IjoiMSJ9.rr7hTHLaj33FGHTWkBtQ5Oa_eByJTgxIFcG1IllKWU33oLlvkyyJYNmaeDBs9VAcI9qNu0MCQma5GUmoX5oSNZZMXnXZTAHpZJkkANpy7FP6OF5TyTqs9yFbSnaYIrh4NhYtQX2iUXG9SlFlk60DDwiAhmppuIosbES_FiMEZxqio2RYLp0b7QwAzXwrnyXII-hSssvY42iMfgJSziLpWo0ICW7w6vd7LyWaJVwYKypgXEms3i7X17P4vt_d_sfNM3h1YlplB9KpFvFG7GLbgfUrYMH8MDGetqCbEWI_qAA.kodWuZHmNgDMiTFLQ2izzTGVp_IVSrhL0rxvl3bYwJ4&dib_tag=se&keywords=Saree&qid=1775246993&sr=8-40
Amazon,Sugathari,499.0,4.1,https://www.amazon.in/Sugathari-Saree-Wear-Party-collections/dp/B0CKL6QN29/ref=sr_1_41?dib=eyJ2IjoiMSJ9.rr7hTHLaj33FGHTWkBtQ5Oa_eByJTgxIFcG1IllKWU33oLlvkyyJYNmaeDBs9VAcI9qNu0MCQma5GUmoX5oSNZZMXnXZTAHpZJkkANpy7FP6OF5TyTqs9yFbSnaYIrh4NhYtQX2iUXG9SlFlk60DDwiAhmppuIosbES_FiMEZxqio2RYLp0b7QwAzXwrnyXII-hSssvY42iMfgJSziLpWo0ICW7w6vd7LyWaJVwYKypgXEms3i7X17P4vt_d_sfNM3h1YlplB9KpFvFG7GLbgfUrYMH8MDGetqCbEWI_qAA.kodWuZHmNgDMiTFLQ2izzTGVp_IVSrhL0rxvl3bYwJ4&dib_tag=se&keywords=Saree&qid=1775246993&sr=8-41
Amazon,Yashika,349.0,3.9,https://www.amazon.in/Yashika-Womens-Material-Special-AZ-YS-OG-PONGAL/dp/B0CR92GKNM/ref=sr_1_42?dib=eyJ2IjoiMSJ9.rr7hTHLaj33FGHTWkBtQ5Oa_eByJTgxIFcG1IllKWU33oLlvkyyJYNmaeDBs9VAcI9qNu0MCQma5GUmoX5oSNZZMXnXZTAHpZJkkANpy7FP6OF5TyTqs9yFbSnaYIrh4NhYtQX2iUXG9SlFlk60DDwiAhmppuIosbES_FiMEZxqio2RYLp0b7QwAzXwrnyXII-hSssvY42iMfgJSziLpWo0ICW7w6vd7LyWaJVwYKypgXEms3i7X17P4vt_d_sfNM3h1YlplB9KpFvFG7GLbgfUrYMH8MDGetqCbEWI_qAA.kodWuZHmNgDMiTFLQ2izzTGVp_IVSrhL0rxvl3bYwJ4&dib_tag=se&keywords=Saree&qid=1775246993&sr=8-42
Amazon,AKHILAM,749.0,4.0,https://www.amazon.in/AKHILAM-Womens-Banarasi-Unstitched-Black_SOHNA2004/dp/B0BNF2F5QZ/ref=sr_1_43?dib=eyJ2IjoiMSJ9.rr7hTHLaj33FGHTWkBtQ5Oa_eByJTgxIFcG1IllKWU33oLlvkyyJYNmaeDBs9VAcI9qNu0MCQma5GUmoX5oSNZZMXnXZTAHpZJkkANpy7FP6OF5TyTqs9yFbSnaYIrh4NhYtQX2iUXG9SlFlk60DDwiAhmppuIosbES_FiMEZxqio2RYLp0b7QwAzXwrnyXII-hSssvY42iMfgJSziLpWo0ICW7w6vd7LyWaJVwYKypgXEms3i7X17P4vt_d_sfNM3h1YlplB9KpFvFG7GLbgfUrYMH8MDGetqCbEWI_qAA.kodWuZHmNgDMiTFLQ2izzTGVp_IVSrhL0rxvl3bYwJ4&dib_tag=se&keywords=Saree&qid=1775246993&sr=8-43
Amazon,Satrani,1479.0,4.1,https://www.amazon.in/Satrani-Kashmiri-Minakari-Unstitched-4314S606N_Rama/dp/B0FDB8Q4MY/ref=sr_1_44?dib=eyJ2IjoiMSJ9.rr7hTHLaj33FGHTWkBtQ5Oa_eByJTgxIFcG1IllKWU33oLlvkyyJYNmaeDBs9VAcI9qNu0MCQma5GUmoX5oSNZZMXnXZTAHpZJkkANpy7FP6OF5TyTqs9yFbSnaYIrh4NhYtQX2iUXG9SlFlk60DDwiAhmppuIosbES_FiMEZxqio2RYLp0b7QwAzXwrnyXII-hSssvY42iMfgJSziLpWo0ICW7w6vd7LyWaJVwYKypgXEms3i7X17P4vt_d_sfNM3h1YlplB9KpFvFG7GLbgfUrYMH8MDGetqCbEWI_qAA.kodWuZHmNgDMiTFLQ2izzTGVp_IVSrhL0rxvl3bYwJ4&dib_tag=se&keywords=Saree&qid=1775246993&sr=8-44
Amazon,MIRCHI FASHION,460.0,3.9,https://www.amazon.in/MIRCHI-FASHION-Chiffon-Printed-38724-Grey/dp/B0C7KYRF7R/ref=sr_1_45?dib=eyJ2IjoiMSJ9.rr7hTHLaj33FGHTWkBtQ5Oa_eByJTgxIFcG1IllKWU33oLlvkyyJYNmaeDBs9VAcI9qNu0MCQma5GUmoX5oSNZZMXnXZTAHpZJkkANpy7FP6OF5TyTqs9yFbSnaYIrh4NhYtQX2iUXG9SlFlk60DDwiAhmppuIosbES_FiMEZxqio2RYLp0b7QwAzXwrnyXII-hSssvY42iMfgJSziLpWo0ICW7w6vd7LyWaJVwYKypgXEms3i7X17P4vt_d_sfNM3h1YlplB9KpFvFG7GLbgfUrYMH8MDGetqCbEWI_qAA.kodWuZHmNgDMiTFLQ2izzTGVp_IVSrhL0rxvl3bYwJ4&dib_tag=se&keywords=Saree&qid=1775246993&sr=8-45
Amazon,Sugathari,499.0,4.2,https://www.amazon.in/Sugathari-Banarasi-Saree-Kanjivaram-PARI-113/dp/B0CRYTN2YC/ref=sr_1_46?dib=eyJ2IjoiMSJ9.rr7hTHLaj33FGHTWkBtQ5Oa_eByJTgxIFcG1IllKWU33oLlvkyyJYNmaeDBs9VAcI9qNu0MCQma5GUmoX5oSNZZMXnXZTAHpZJkkANpy7FP6OF5TyTqs9yFbSnaYIrh4NhYtQX2iUXG9SlFlk60DDwiAhmppuIosbES_FiMEZxqio2RYLp0b7QwAzXwrnyXII-hSssvY42iMfgJSziLpWo0ICW7w6vd7LyWaJVwYKypgXEms3i7X17P4vt_d_sfNM3h1YlplB9KpFvFG7GLbgfUrYMH8MDGetqCbEWI_qAA.kodWuZHmNgDMiTFLQ2izzTGVp_IVSrhL0rxvl3bYwJ4&dib_tag=se&keywords=Saree&qid=1775246993&sr=8-46
Amazon,Crafts Moda,755.0,4.1,https://www.amazon.in/Crafts-Moda-Cotton-Printed-Unstitched/dp/B0CQ537Z35/ref=sr_1_47?dib=eyJ2IjoiMSJ9.rr7hTHLaj33FGHTWkBtQ5Oa_eByJTgxIFcG1IllKWU33oLlvkyyJYNmaeDBs9VAcI9qNu0MCQma5GUmoX5oSNZZMXnXZTAHpZJkkANpy7FP6OF5TyTqs9yFbSnaYIrh4NhYtQX2iUXG9SlFlk60DDwiAhmppuIosbES_FiMEZxqio2RYLp0b7QwAzXwrnyXII-hSssvY42iMfgJSziLpWo0ICW7w6vd7LyWaJVwYKypgXEms3i7X17P4vt_d_sfNM3h1YlplB9KpFvFG7GLbgfUrYMH8MDGetqCbEWI_qAA.kodWuZHmNgDMiTFLQ2izzTGVp_IVSrhL0rxvl3bYwJ4&dib_tag=se&keywords=Saree&qid=1775246993&sr=8-47
Amazon,SIRIL,638.0,3.8,https://www.amazon.in/SIRIL-Georgette-Printed-Unstitched-4402S3152_Black/dp/B0F7RLB3DK/ref=sr_1_48?dib=eyJ2IjoiMSJ9.rr7hTHLaj33FGHTWkBtQ5Oa_eByJTgxIFcG1IllKWU33oLlvkyyJYNmaeDBs9VAcI9qNu0MCQma5GUmoX5oSNZZMXnXZTAHpZJkkANpy7FP6OF5TyTqs9yFbSnaYIrh4NhYtQX2iUXG9SlFlk60DDwiAhmppuIosbES_FiMEZxqio2RYLp0b7QwAzXwrnyXII-hSssvY42iMfgJSziLpWo0ICW7w6vd7LyWaJVwYKypgXEms3i7X17P4vt_d_sfNM3h1YlplB9KpFvFG7GLbgfUrYMH8MDGetqCbEWI_qAA.kodWuZHmNgDMiTFLQ2izzTGVp_IVSrhL0rxvl3bYwJ4&dib_tag=se&keywords=Saree&qid=1775246993&sr=8-48
Amazon,Shiv Textiles,419.0,3.6,https://www.amazon.in/Shiv-Textiles-Jacquard-Banarasi-S-105-RAMA/dp/B0GFWRCBJM/ref=sr_1_49?dib=eyJ2IjoiMSJ9.rr7hTHLaj33FGHTWkBtQ5Oa_eByJTgxIFcG1IllKWU33oLlvkyyJYNmaeDBs9VAcI9qNu0MCQma5GUmoX5oSNZZMXnXZTAHpZJkkANpy7FP6OF5TyTqs9yFbSnaYIrh4NhYtQX2iUXG9SlFlk60DDwiAhmppuIosbES_FiMEZxqio2RYLp0b7QwAzXwrnyXII-hSssvY42iMfgJSziLpWo0ICW7w6vd7LyWaJVwYKypgXEms3i7X17P4vt_d_sfNM3h1YlplB9KpFvFG7GLbgfUrYMH8MDGetqCbEWI_qAA.kodWuZHmNgDMiTFLQ2izzTGVp_IVSrhL0rxvl3bYwJ4&dib_tag=se&keywords=Saree&qid=1775246993&sr=8-49
Amazon,SIRIL,729.0,4.0,https://www.amazon.in/SIRIL-Womens-Kanjivaram-Unstitched-3882S191A_Ultra/dp/B0DRRTNXWM/ref=sr_1_50?dib=eyJ2IjoiMSJ9.rr7hTHLaj33FGHTWkBtQ5Oa_eByJTgxIFcG1IllKWU33oLlvkyyJYNmaeDBs9VAcI9qNu0MCQma5GUmoX5oSNZZMXnXZTAHpZJkkANpy7FP6OF5TyTqs9yFbSnaYIrh4NhYtQX2iUXG9SlFlk60DDwiAhmppuIosbES_FiMEZxqio2RYLp0b7QwAzXwrnyXII-hSssvY42iMfgJSziLpWo0ICW7w6vd7LyWaJVwYKypgXEms3i7X17P4vt_d_sfNM3h1YlplB9KpFvFG7GLbgfUrYMH8MDGetqCbEWI_qAA.kodWuZHmNgDMiTFLQ2izzTGVp_IVSrhL0rxvl3bYwJ4&dib_tag=se&keywords=Saree&qid=1775246993&sr=8-50
Amazon,SIRIL,587.0,3.8,https://www.amazon.in/SIRIL-Embroidery-Georgette-Unstitched-2302S128_Sky/dp/B09SDCJWTM/ref=sr_1_51?dib=eyJ2IjoiMSJ9.rr7hTHLaj33FGHTWkBtQ5Oa_eByJTgxIFcG1IllKWU33oLlvkyyJYNmaeDBs9VAcI9qNu0MCQma5GUmoX5oSNZZMXnXZTAHpZJkkANpy7FP6OF5TyTqs9yFbSnaYIrh4NhYtQX2iUXG9SlFlk60DDwiAhmppuIosbES_FiMEZxqio2RYLp0b7QwAzXwrnyXII-hSssvY42iMfgJSziLpWo0ICW7w6vd7LyWaJVwYKypgXEms3i7X17P4vt_d_sfNM3h1YlplB9KpFvFG7GLbgfUrYMH8MDGetqCbEWI_qAA.kodWuZHmNgDMiTFLQ2izzTGVp_IVSrhL0rxvl3bYwJ4&dib_tag=se&keywords=Saree&qid=1775246993&sr=8-51
Amazon,Yashika,328.0,3.6,https://www.amazon.in/Yashika-Womens-Printed-ALIFA-PINK_Free/dp/B09ZLLDSDQ/ref=sr_1_52?dib=eyJ2IjoiMSJ9.rr7hTHLaj33FGHTWkBtQ5Oa_eByJTgxIFcG1IllKWU33oLlvkyyJYNmaeDBs9VAcI9qNu0MCQma5GUmoX5oSNZZMXnXZTAHpZJkkANpy7FP6OF5TyTqs9yFbSnaYIrh4NhYtQX2iUXG9SlFlk60DDwiAhmppuIosbES_FiMEZxqio2RYLp0b7QwAzXwrnyXII-hSssvY42iMfgJSziLpWo0ICW7w6vd7LyWaJVwYKypgXEms3i7X17P4vt_d_sfNM3h1YlplB9KpFvFG7GLbgfUrYMH8MDGetqCbEWI_qAA.kodWuZHmNgDMiTFLQ2izzTGVp_IVSrhL0rxvl3bYwJ4&dib_tag=se&keywords=Saree&qid=1775246993&sr=8-52
Amazon,Yashika,498.0,4.2,https://www.amazon.in/Yashika-Banarasi-Kanjivaram-Printed-AZ-YS-OG-HOUSEFUL/dp/B0FFTKHPXQ/ref=sr_1_53?dib=eyJ2IjoiMSJ9.rr7hTHLaj33FGHTWkBtQ5Oa_eByJTgxIFcG1IllKWU33oLlvkyyJYNmaeDBs9VAcI9qNu0MCQma5GUmoX5oSNZZMXnXZTAHpZJkkANpy7FP6OF5TyTqs9yFbSnaYIrh4NhYtQX2iUXG9SlFlk60DDwiAhmppuIosbES_FiMEZxqio2RYLp0b7QwAzXwrnyXII-hSssvY42iMfgJSziLpWo0ICW7w6vd7LyWaJVwYKypgXEms3i7X17P4vt_d_sfNM3h1YlplB9KpFvFG7GLbgfUrYMH8MDGetqCbEWI_qAA.kodWuZHmNgDMiTFLQ2izzTGVp_IVSrhL0rxvl3bYwJ4&dib_tag=se&keywords=Saree&qid=1775246993&sr=8-53
Amazon,ALMAARI FASHION,912.0,4.0,https://www.amazon.in/ALMAARI-FASHION-Traditional-Off-White-Grey-Pink/dp/B0DTKHPXTS/ref=sr_1_54?dib=eyJ2IjoiMSJ9.rr7hTHLaj33FGHTWkBtQ5Oa_eByJTgxIFcG1IllKWU33oLlvkyyJYNmaeDBs9VAcI9qNu0MCQma5GUmoX5oSNZZMXnXZTAHpZJkkANpy7FP6OF5TyTqs9yFbSnaYIrh4NhYtQX2iUXG9SlFlk60DDwiAhmppuIosbES_FiMEZxqio2RYLp0b7QwAzXwrnyXII-hSssvY42iMfgJSziLpWo0ICW7w6vd7LyWaJVwYKypgXEms3i7X17P4vt_d_sfNM3h1YlplB9KpFvFG7GLbgfUrYMH8MDGetqCbEWI_qAA.kodWuZHmNgDMiTFLQ2izzTGVp_IVSrhL0rxvl3bYwJ4&dib_tag=se&keywords=Saree&qid=1775246993&sr=8-54
Amazon,AKHILAM,1299.0,4.8,https://www.amazon.in/AKHILAM-Chiffon-Printed-Unstitched-AARYAN18201_KR/dp/B0FMS3QYZT/ref=sr_1_55?dib=eyJ2IjoiMSJ9.rr7hTHLaj33FGHTWkBtQ5Oa_eByJTgxIFcG1IllKWU33oLlvkyyJYNmaeDBs9VAcI9qNu0MCQma5GUmoX5oSNZZMXnXZTAHpZJkkANpy7FP6OF5TyTqs9yFbSnaYIrh4NhYtQX2iUXG9SlFlk60DDwiAhmppuIosbES_FiMEZxqio2RYLp0b7QwAzXwrnyXII-hSssvY42iMfgJSziLpWo0ICW7w6vd7LyWaJVwYKypgXEms3i7X17P4vt_d_sfNM3h1YlplB9KpFvFG7GLbgfUrYMH8MDGetqCbEWI_qAA.kodWuZHmNgDMiTFLQ2izzTGVp_IVSrhL0rxvl3bYwJ4&dib_tag=se&keywords=Saree&qid=1775246993&sr=8-55
Amazon,TAMAIRA FASHION,569.0,4.0,https://www.amazon.in/TAMAIRA-FASHION-Printed-Without-11514_Mehendi/dp/B0DDTGGN3R/ref=sr_1_56?dib=eyJ2IjoiMSJ9.rr7hTHLaj33FGHTWkBtQ5Oa_eByJTgxIFcG1IllKWU33oLlvkyyJYNmaeDBs9VAcI9qNu0MCQma5GUmoX5oSNZZMXnXZTAHpZJkkANpy7FP6OF5TyTqs9yFbSnaYIrh4NhYtQX2iUXG9SlFlk60DDwiAhmppuIosbES_FiMEZxqio2RYLp0b7QwAzXwrnyXII-hSssvY42iMfgJSziLpWo0ICW7w6vd7LyWaJVwYKypgXEms3i7X17P4vt_d_sfNM3h1YlplB9KpFvFG7GLbgfUrYMH8MDGetqCbEWI_qAA.kodWuZHmNgDMiTFLQ2izzTGVp_IVSrhL0rxvl3bYwJ4&dib_tag=se&keywords=Saree&qid=1775246993&sr=8-56
Amazon,Generic,1499.0,,https://www.amazon.in/sspa/click?ie=UTF8&spc=MToxNTA5MzkwOTE2MDI1OTk4OjE3NzUyNDY5OTM6c3BfYnRmOjMwMTAxNDA0NDE4ODQzMjo6MDo6&url=%2FDigital-elegant-peacock-contrasting-traditional%2Fdp%2FB0GQPY1J6T%2Fref%3Dsr_1_57_sspa%3Fdib%3DeyJ2IjoiMSJ9.rr7hTHLaj33FGHTWkBtQ5Oa_eByJTgxIFcG1IllKWU33oLlvkyyJYNmaeDBs9VAcI9qNu0MCQma5GUmoX5oSNZZMXnXZTAHpZJkkANpy7FP6OF5TyTqs9yFbSnaYIrh4NhYtQX2iUXG9SlFlk60DDwiAhmppuIosbES_FiMEZxqio2RYLp0b7QwAzXwrnyXII-hSssvY42iMfgJSziLpWo0ICW7w6vd7LyWaJVwYKypgXEms3i7X17P4vt_d_sfNM3h1YlplB9KpFvFG7GLbgfUrYMH8MDGetqCbEWI_qAA.kodWuZHmNgDMiTFLQ2izzTGVp_IVSrhL0rxvl3bYwJ4%26dib_tag%3Dse%26keywords%3DSaree%26qid%3D1775246993%26sr%3D8-57-spons%26aref%3DT5qXnf9rIt%26sp_csd%3Dd2lkZ2V0TmFtZT1zcF9idGY%26psc%3D1&aref=T5qXnf9rIt&sp_cr=ZAZ
Amazon,Fevinaa,449.0,3.2,https://www.amazon.in/sspa/click?ie=UTF8&spc=MToxNTA5MzkwOTE2MDI1OTk4OjE3NzUyNDY5OTM6c3BfYnRmOjMwMDczNjE1NzAxNjAzMjo6MDo6&url=%2FFevinaa-Womens-Georgette-DIGITAL-PRINT-Lemon%2Fdp%2FB0979KTXDM%2Fref%3Dsr_1_58_sspa%3Fdib%3DeyJ2IjoiMSJ9.rr7hTHLaj33FGHTWkBtQ5Oa_eByJTgxIFcG1IllKWU33oLlvkyyJYNmaeDBs9VAcI9qNu0MCQma5GUmoX5oSNZZMXnXZTAHpZJkkANpy7FP6OF5TyTqs9yFbSnaYIrh4NhYtQX2iUXG9SlFlk60DDwiAhmppuIosbES_FiMEZxqio2RYLp0b7QwAzXwrnyXII-hSssvY42iMfgJSziLpWo0ICW7w6vd7LyWaJVwYKypgXEms3i7X17P4vt_d_sfNM3h1YlplB9KpFvFG7GLbgfUrYMH8MDGetqCbEWI_qAA.kodWuZHmNgDMiTFLQ2izzTGVp_IVSrhL0rxvl3bYwJ4%26dib_tag%3Dse%26keywords%3DSaree%26qid%3D1775246993%26sr%3D8-58-spons%26aref%3DPCxQ4zM6j3%26sp_csd%3Dd2lkZ2V0TmFtZT1zcF9idGY%26psc%3D1&aref=PCxQ4zM6j3&sp_cr=ZAZ
Amazon,SIRIL,948.0,5.0,https://www.amazon.in/sspa/click?ie=UTF8&spc=MToxNTA5MzkwOTE2MDI1OTk4OjE3NzUyNDY5OTM6c3BfYnRmOjMwMDk0NzYyMDY3NTQzMjo6MDo6&url=%2FSIRIL-Womens-Printed-Unstitched-97RS387_Red%2Fdp%2FB0GJZTZH34%2Fref%3Dsr_1_59_sspa%3Fdib%3DeyJ2IjoiMSJ9.rr7hTHLaj33FGHTWkBtQ5Oa_eByJTgxIFcG1IllKWU33oLlvkyyJYNmaeDBs9VAcI9qNu0MCQma5GUmoX5oSNZZMXnXZTAHpZJkkANpy7FP6OF5TyTqs9yFbSnaYIrh4NhYtQX2iUXG9SlFlk60DDwiAhmppuIosbES_FiMEZxqio2RYLp0b7QwAzXwrnyXII-hSssvY42iMfgJSziLpWo0ICW7w6vd7LyWaJVwYKypgXEms3i7X17P4vt_d_sfNM3h1YlplB9KpFvFG7GLbgfUrYMH8MDGetqCbEWI_qAA.kodWuZHmNgDMiTFLQ2izzTGVp_IVSrhL0rxvl3bYwJ4%26dib_tag%3Dse%26keywords%3DSaree%26qid%3D1775246993%26sr%3D8-59-spons%26aref%3D135r5DwYRL%26sp_csd%3Dd2lkZ2V0TmFtZT1zcF9idGY%26psc%3D1&aref=135r5DwYRL&sp_cr=ZAZ
Amazon,Yashika,799.0,4.0,https://www.amazon.in/sspa/click?ie=UTF8&spc=MToxNTA5MzkwOTE2MDI1OTk4OjE3NzUyNDY5OTM6c3BfYnRmOjMwMDYzMjYzMzQxNjAzMjo6MDo6&url=%2FYashika-Boarder-Unstitched-Bollywood-AZ-YS-OG-DHAMAKA%2Fdp%2FB0F8VWYSLG%2Fref%3Dsr_1_60_sspa%3Fdib%3DeyJ2IjoiMSJ9.rr7hTHLaj33FGHTWkBtQ5Oa_eByJTgxIFcG1IllKWU33oLlvkyyJYNmaeDBs9VAcI9qNu0MCQma5GUmoX5oSNZZMXnXZTAHpZJkkANpy7FP6OF5TyTqs9yFbSnaYIrh4NhYtQX2iUXG9SlFlk60DDwiAhmppuIosbES_FiMEZxqio2RYLp0b7QwAzXwrnyXII-hSssvY42iMfgJSziLpWo0ICW7w6vd7LyWaJVwYKypgXEms3i7X17P4vt_d_sfNM3h1YlplB9KpFvFG7GLbgfUrYMH8MDGetqCbEWI_qAA.kodWuZHmNgDMiTFLQ2izzTGVp_IVSrhL0rxvl3bYwJ4%26dib_tag%3Dse%26keywords%3DSaree%26qid%3D1775246993%26sr%3D8-60-spons%26aref%3DUfR7NHlpkp%26sp_csd%3Dd2lkZ2V0TmFtZT1zcF9idGY%26psc%3D1&aref=UfR7NHlpkp&sp_cr=ZAZ
Myntra,Sangria Saree With Blouse Piece,731.0,,https://www.myntra.com/sarees/sangria/sangria-woven-design-saree-with-blouse-piece-/30472381/buy
Myntra,Moda Rapido Ikat Pure Cotton Saree,559.0,,https://www.myntra.com/sarees/moda+rapido/moda-rapido-pure-cotton-handloom-ikat-saree/38917812/buy
Myntra,Anouk Rustic Ethnic Motifs Saree for women,886.0,,https://www.myntra.com/sarees/anouk+rustic/anouk-rustic-ethnic-motifs-printed-party-wear-matching-blouse-sarees/40767277/buy
Myntra,Anouk Woven Design Banarasi Silk Blend Saree,1289.0,,https://www.myntra.com/sarees/anouk/anouk-woven-design-zari-silk-blend-banarasi-saree/21478886/buy
Myntra,FINE WEAR Banarasi Poly Georgette Saree,753.0,,https://www.myntra.com/sarees/fine+wear/fine-wear-woven-banarasi-georgette-jacquard-green-sarees/41022274/buy
Myntra,Crafts Moda Block Print Pure Cotton Saree,759.0,,https://www.myntra.com/sarees/crafts+moda/crafts-moda-floral-pure-cotton-block-print-saree/33724666/buy
Myntra,kasee Embellished Saree,1002.0,,https://www.myntra.com/sarees/kasee/kasee-embellished-beads-and-stones-saree/34529934/buy
Myntra,Sangria Sequinned Fusion Saree,1249.0,,https://www.myntra.com/sarees/sangria/sangria-black-sequinned-embellished-fusion-saree/26105162/buy
Myntra,Anouk Embellished Net Saree,1259.0,,https://www.myntra.com/sarees/anouk/anouk-embellished-sequinned-net-saree/30719892/buy
Myntra,SANISA Bandhani Poly Georgette Saree,436.0,,https://www.myntra.com/sarees/sanisa/sanisa-bandhani-poly-georgette-saree/38315402/buy
Myntra,Libas Floral Silk Blend Saree,1519.0,,https://www.myntra.com/sarees/libas/libas-green-floral-motif-woven-deisgn-zari-woven-design-border-saree--blouse-piece/40735791/buy
Myntra,House of Pataudi Woven Embellished Saree,1362.0,,https://www.myntra.com/sarees/house+of+pataudi/house-of-pataudi-woven-embellished-art-silk-kanjivaram-pink-saree/33360023/buy
Myntra,Panzora Floral Poly Georgette Saree,690.0,,https://www.myntra.com/sarees/panzora/panzora-floral-poly-georgette-saree/40231613/buy
Myntra,Kalista Embellished Pure Georgette Saree,1231.0,,https://www.myntra.com/sarees/kalista/kalista-embellished-embroidered-pure-georgette-designer-saree/40457501/buy
Myntra,all about you Saree with Blouse Piece,1319.0,,https://www.myntra.com/sarees/all+about+you/all-about-you-pure-georgette-saree-with-heavy-embroidered-blouse-piece/34724712/buy
Myntra,Tikhi Imli Floral Emboridered Saree,915.0,,https://www.myntra.com/sarees/tikhi+imli/tikhi-imli-floral-emboridered-saree/36023174/buy
Myntra,Meena Bazaar Art Silk Saree,1318.0,,https://www.myntra.com/sarees/meena+bazaar/meena-bazaar-cream-woven-design-art-silk-sarees/40740348/buy
Myntra,Anouk Colourblocked Printed Saree,1055.0,,https://www.myntra.com/sarees/anouk/anouk-colourblocked-printed-tissue-saree/33589217/buy
Myntra,FashionsEye Embroidered Georgette Saree,866.0,,https://www.myntra.com/sarees/fashionseye/fashionseye-floral-embroidered-pure-georgette-saree-and-unstiched-blouse-piece/36260869/buy
Myntra,LEAFFEB Foral Design Banarasi Saree,693.0,,https://www.myntra.com/sarees/leaffeb/leaffeb-foral-design-zari-art-silk-banarasi-saree/34527670/buy
Myntra,THREAD BOX Woven Design Linen Blend Saree,1217.0,,https://www.myntra.com/sarees/thread+box/thread-box-woven-design-zari-linen-blend-handloom-saree/38821907/buy
Myntra,MAGNEITTA Leheriya Pure Chiffon Saree,585.0,,https://www.myntra.com/sarees/magneitta/magneitta-leheriya-pure-chiffon-saree/33183854/buy
Myntra,KALINI Ethnic Motifs Saree,997.0,,https://www.myntra.com/sarees/kalini/kalini-printed-cotton-mulmul-sarees/41007624/buy
Myntra,THREAD BOX Floral Poly Georgette Saree,498.0,,https://www.myntra.com/sarees/thread+box/thread-box-floral-poly-georgette-saree/40392532/buy
Myntra,HERE&NOW Bandhani Silk Blend Saree,699.0,,https://www.myntra.com/sarees/here%26now/herenow-bandhani-zari-silk-blend-bandhani-saree/33805077/buy
Myntra,KALINI Ethnic Motifs Printed Saree,477.0,,https://www.myntra.com/sarees/kalini/kalini-ethnic-motifs-printed-saree/32008867/buy
Myntra,Anouk Rustic Paisley Banarasi Saree,1299.0,,https://www.myntra.com/sarees/anouk+rustic/anouk-rustic-woven-design-paisley-zari-banarasi-saree/36836162/buy
Myntra,DESH BIDESH Ethnic Motifs Zari Garad Saree,808.0,,https://www.myntra.com/sarees/desh+bidesh/desh-bidesh-ethnic-motifs-zari-garad-saree/30431075/buy
Myntra,SOHINI NX Embellished Saree Pure Chiffon,1349.0,,https://www.myntra.com/sarees/sohini+nx/sohini-nx-embellished-zari-pure-chiffon-handloom-saree/40814184/buy
Myntra,Moda Rapido Embellished Satin Saree,719.0,,https://www.myntra.com/sarees/moda+rapido/moda-rapido-embellished-zari-satin-heavy-work-saree/38209466/buy
Myntra,KALINI Kalamkari Block Print Saree,460.0,,https://www.myntra.com/sarees/kalini/kalini-kalamkari-printed-block-print-saree/27214066/buy
Myntra,Kalista Embellished Pure Georgette Saree,977.0,,https://www.myntra.com/sarees/kalista/kalista-embellished-embroidered-pure-georgette-designer-saree/40008985/buy
Myntra,Anouk Rustic Floral Poly Chiffon Saree,881.0,,https://www.myntra.com/sarees/anouk+rustic/anouk-rustic-floral-poly-chiffon-saree/37504557/buy
Myntra,Mitera Colourblocked Sequinned Saree,905.0,,https://www.myntra.com/sarees/mitera/mitera-colourblocked-sequinned-pure-georgette-saree-with-embellished-border/32523812/buy
Myntra,AANVI Linen Blend Ikkat Saree,958.0,,https://www.myntra.com/sarees/aanvi/aanvi-linen-blend-designer-ethnic-motifs-ikat-saree/40883373/buy
Myntra,Anouk Striped Block Print Saree,1199.0,,https://www.myntra.com/sarees/anouk/anouk-striped--block-print-saree/33179191/buy
Myntra,DESH BIDESH Taant Saree without Blouse,606.0,,https://www.myntra.com/sarees/desh+bidesh/desh-bidesh-woven-design-zari-pure-cotton-taant-saree-without-blouse/27673066/buy
Myntra,Dhaaga Ghar Bandhani Silk Blend Saree,755.0,,https://www.myntra.com/sarees/dhaaga+ghar/dhaaga-ghar-bandhani-silk-blend-designer-bandhani-saree/40360318/buy
Myntra,Anouk saree for women,1599.0,,https://www.myntra.com/sarees/anouk/anouk-embellished-sequinned-pure-georgette-saree/39977041/buy
Myntra,MAGNEITTA Floral Pure Chiffon Saree,585.0,,https://www.myntra.com/sarees/magneitta/magneitta-floral-zari-pure-chiffon-designer-saree/40164723/buy
Myntra,KALINI Floral Saree,997.0,,https://www.myntra.com/sarees/kalini/kalini-printed-cotton-blend-sarees/41007615/buy
Myntra,Anouk Floral Organza Saree,755.0,,https://www.myntra.com/sarees/anouk/anouk-floral-organza-saree/30219718/buy
Myntra,kasee Beads and Stones Saree,865.0,,https://www.myntra.com/sarees/kasee/kasee-solid-beads-and-stones-saree/30477056/buy
Myntra,DESH BIDESH Pure Cotton Taant Saree,699.0,,https://www.myntra.com/sarees/desh+bidesh/desh-bidesh-ethnic-motifs-woven-design-pure-cotton-taant-saree/24637736/buy
Myntra,THREAD BOX Floral Poly Georgette Saree,658.0,,https://www.myntra.com/sarees/thread+box/thread-box-floral-poly-georgette-saree/40392383/buy
Myntra,Kandora Women Pure Chiffon Saree,917.0,,https://www.myntra.com/sarees/kandora/kandora-women-embroidered-embellished-beads-and-stones-pure-chiffon-saree/34312003/buy
Myntra,SZN Silk Blend Saree,499.0,,https://www.myntra.com/sarees/szn/szn-silk-blend-saree/40970488/buy
Myntra,HERE&NOW Printed Pure Cotton Saree,768.0,,https://www.myntra.com/sarees/here%26now/herenow-printed-pure-cotton-saree/32440351/buy
Myntra,sareyavella Polka Dot Kanjeevaram Saree,489.0,,https://www.myntra.com/sarees/sareyavella/sareyavella-polka-dot-zari-art-silk-kanjeevaram-saree/38347897/buy
Myntra,kasee Silk Blend Saree,1146.0,,https://www.myntra.com/sarees/kasee/kasee-embroidered-silk-blend-ready-to-wear-saree/31876506/buy
